"ticketid","description","reportdate","changedate","siteid","ownergroup","decimal_duration","mttr_valido"
5688758,"Incidente en NODO ÓPTICO TO6658A, JP7652A","5/01/2017 07:58","5/01/2017 09:46","TH","PEINGCTR",1.75,"YES"
5688765,"Incidente en NODO ÓPTICO JP7551A JP7350A","5/01/2017 08:05","5/01/2017 09:23","TH","PEINGCTR",2.12,"NO"
5690626,"NODOS TO ALARMADOS","7/01/2017 09:21","7/01/2017 12:11","TH","PEINGCTR",3.04,"YES"
5695484,"Nodos Alarmados","11/01/2017 11:53","11/01/2017 12:46","TH","PEINGCTR",4.72,"NO"
5698777,"INCIDENTE DE NODO OPTICO MM6025A","15/01/2017 01:53","15/01/2017 10:40","TH","PEINGCTR",4.2,"YES"
5701825,"SIN SEÑAL DE CATV Y BBI NODO SS4425A","17/01/2017 11:51","17/01/2017 13:43","TH","PEINGCTR",3.51,"NO"
5707627,"INCIDENTE DE NODO ÓPTICO RD4137A","23/01/2017 05:29","23/01/2017 10:00","TH","PEINGCTR",2.44,"YES"
5707627,"INCIDENTE DE NODO ÓPTICO RD4137A","23/01/2017 05:29","23/01/2017 12:53","TH","PEINGCTR",1.22,"YES"
5707905,"Malos Niveles en Nodo","23/01/2017 12:32","23/01/2017 13:26","TH","PEINGSMP",6.1,"YES"
5709392,"SIN SENAL DE BBI+CATV NODO TO4853B","24/01/2017 16:40","24/01/2017 17:02","TH","PEINGCTR",5.56,"NO"
5711689,"INCIDENTE DE NODO ÓPTICO TO5049A","26/01/2017 21:28","26/01/2017 22:12","TH","PEINGCTR",0,"NO"
5711689,"INCIDENTE DE NODO ÓPTICO TO5049A","26/01/2017 21:28","26/01/2017 22:13","TH","PEINGCTR",0.61,"NO"
5712536,"INCIDENTE DE NODO OPTICO TO5152A","28/01/2017 08:28","28/01/2017 09:12","TH","PEINGCTR",2.91,"YES"
5713366,"INCIDENTE DE NODO ÓPTICO MP5939A","29/01/2017 08:04","29/01/2017 08:19","TH","PEINGSMP",0.26,"NO"
5715121,"INCIDENTE DE NODO ÓPTICO RD3544A","30/01/2017 18:13","30/01/2017 18:39","TH","PEINGCTR",5.01,"YES"
5715622,"INCIDENTE DE NODO ÓPTICO RD4241A","31/01/2017 15:49","31/01/2017 16:25","TH","PEINGCTR",3.14,"NO"
5716134,"INCIDENTE DE NODO OPTICO AB6143A","1/02/2017 12:21","1/02/2017 12:45","TH","PEINGCTR",1.19,"NO"
5716798,"INCIDENTE DE NODO OPTICO TO5448A","2/02/2017 10:24","2/02/2017 10:47","TH","PEINGCTR",1.07,"NO"
5717583,"Incidente en NODO OPTICO JP5565A","3/02/2017 00:21","3/02/2017 00:49","TH","PEINGCTR",0.52,"NO"
5721121,"SIN SEÑAL DE CATV Y BBI NODO RD4543A","8/02/2017 12:41","8/02/2017 13:29","TH","PEINGCTR",0.46,"NO"
5721597,"INCIDENTE DE NODO OPTICO RD4742C","9/02/2017 09:07","9/02/2017 09:28","TH","PEINGCTR",1.54,"NO"
5721648,"SIN SEÑAL DE CATV Y BBI NODO JP5758A","9/02/2017 10:19","9/02/2017 13:35","TH","PEINGSAN",0.15,"NO"
5721648,"SIN SEÑAL DE CATV Y BBI NODO JP5758A","9/02/2017 10:19","9/02/2017 13:45","TH","PEINGFRA",2.55,"YES"
5722262,"INCIDENTE DE NODO OPTICO JP8256A","10/02/2017 08:49","10/02/2017 09:13","TH","PEINGCTR",1.51,"NO"
5723137,"INCIDENTE DE NODO OPTICO MP6437A","11/02/2017 10:46","11/02/2017 11:20","TH","PEINGSMP",0.87,"NO"
5723137,"INCIDENTE DE NODO OPTICO MP6437A","11/02/2017 10:46","11/02/2017 12:12","TH","PEINGSMP",0.14,"NO"
5723574,"INCIDENTE DE NODO OPTICO TO6854A","12/02/2017 07:25","12/02/2017 07:46","TH","PEINGCTR",1.07,"NO"
5724683,"NODOS ALARMADOS RD4742C RD4941A RD4842A RD4843A RD4942B","13/02/2017 21:55","13/02/2017 22:11","TH","PEINGCTR",4.39,"NO"
5724723,"INCIDENTE DE NODO OPTICO RD4642A","14/02/2017 02:54","14/02/2017 03:14","TH","PEINGCTR",0.88,"NO"
5725681,"INCIDENTE DE NODO OPTICO MP6531A","15/02/2017 09:21","15/02/2017 11:29","TH","PEINGCTR",2.17,"YES"
5727212,"INCIDENTE DE NODO ÓPTICO RD4242A","16/02/2017 14:53","16/02/2017 15:14","TH","PEINGCTR",1.4,"NO"
5727212,"INCIDENTE DE NODO ÓPTICO RD4242A","16/02/2017 14:53","16/02/2017 17:05","TH","PEINGCTR",0.17,"NO"
5728120,"INCIDENTE DE NODO ÓPTICO TO4646B","17/02/2017 18:23","17/02/2017 18:42","TH","PEINGCTR",0.99,"YES"
5728795,"INCIDENTE DE NODO OPTICO TO6557B","18/02/2017 10:58","18/02/2017 11:14","TH","PEINGCTR",0.47,"NO"
5729101,"INCIDENTE DE NODO OPTICO MP6536A","19/02/2017 08:18","19/02/2017 08:34","TH","PEINGCTR",0.17,"NO"
5729326,"INCIDENTE DE NODO ÓPTICO MP6536A","20/02/2017 00:28","20/02/2017 01:08","TH","PEINGSMP",0.12,"NO"
5729326,"INCIDENTE DE NODO ÓPTICO MP6536A","20/02/2017 00:28","20/02/2017 01:16","TH","PEINGVN",0.39,"NO"
5729326,"INCIDENTE DE NODO ÓPTICO MP6536A","20/02/2017 00:28","20/02/2017 01:39","TH","PEINGVN",0.79,"NO"
5731153,"INCIDENTE DE NODO OPTICO TO5651A","22/02/2017 16:03","22/02/2017 16:41","TH","PEINGCTR",0.82,"NO"
5732468,"Falla de Enlace SMPET a SRT Zona 12","23/02/2017 12:51","23/02/2017 14:23","TH","PEINGVN",0,"NO"
5732468,"Falla de Enlace SMPET a SRT Zona 12","23/02/2017 12:51","23/02/2017 14:23","TH","PEINGFRA",0.09,"YES"
5732468,"Falla de Enlace SMPET a SRT Zona 12","23/02/2017 12:51","23/02/2017 14:28","TH","PEINGSMP",3.85,"YES"
5733978,"INCIDENTE DE NODO ÓPTICO JP5953A","24/02/2017 03:59","24/02/2017 04:16","TH","PEINGFRA",0.79,"NO"
5735088,"INCIDENTE DE NODO OPTICO JP6145B","26/02/2017 10:04","26/02/2017 10:40","TH","PEINGCTR",3.08,"YES"
5736829,"INCIDENTE DE NODO OPTICO RD4432A","28/02/2017 14:45","28/02/2017 15:37","TH","PEINGCTR",3.65,"YES"
5737887,"Nodos RD Alarmados","2/03/2017 06:43","2/03/2017 07:09","TH","PEINGCTR",4.97,"YES"
5737887,"Nodos RD Alarmados","2/03/2017 06:43","2/03/2017 15:23","TH","PEINGCTR",2.8,"YES"
5737945,"INCIDENTE DE NODO OPTICO TO5646A","2/03/2017 08:17","2/03/2017 08:54","TH","PEINGCTR",6.56,"NO"
5738226,"INCIDENTE DE NODO OPTICO RD3738A","2/03/2017 13:14","2/03/2017 14:09","TH","PEINGCTR",2.26,"NO"
5738677,"INCIDENTE DE NODO OPTICO RD3640A","2/03/2017 22:10","2/03/2017 22:31","TH","PEINGCTR",1.57,"YES"
5738691,"INCIDENTE DE NODO ÓPTICO TO5849A","3/03/2017 02:28","3/03/2017 02:45","TH","PEINGCTR",1.83,"NO"
5740458,"INCIDENTE DE NODO OPTICO MP6941A","4/03/2017 11:30","4/03/2017 11:40","TH","PEINGSMP",1.75,"NO"
5740600,"INCIDENTE DE NODO OPTICO JP5565A","4/03/2017 13:53","4/03/2017 14:20","TH","PEINGFRA",1.15,"NO"
5740640,"INCIDENTE DE NODO OPTICO RD4638A","4/03/2017 14:34","4/03/2017 14:46","TH","PEINGCTR",3.13,"YES"
5740695,"Incidente en NODO OPTICO CN4158C","4/03/2017 16:30","4/03/2017 19:47","TH","PEINGCTR",2.28,"YES"
5740752,"INCIDENTE DE NODO OPTICO AB5843A","4/03/2017 18:04","4/03/2017 18:36","TH","PEINGCTR",0.29,"NO"
5741067,"Nodo CN4049B Alarmado","5/03/2017 10:42","5/03/2017 11:17","TH","PEINGCTR",0.19,"NO"
5741968,"INCIDENTE DE NODO ÓPTICO MP6235A","6/03/2017 16:42","6/03/2017 17:11","TH","PEINGCTR",2.15,"YES"
5742986,"INCIDENTE DE NODO OPTICO RD3541A","8/03/2017 05:58","8/03/2017 06:25","TH","PEINGCTR",4.63,"YES"
5743779,"INCIDENTE DE NODO ÓPTICO VN5836A","8/03/2017 19:19","8/03/2017 19:32","TH","PEINGVN",1.01,"NO"
5744035,"INCIDENTE DE NODO OPTICO JP6353A","9/03/2017 10:33","9/03/2017 10:50","TH","PEINGCTR",1.03,"NO"
5744035,"INCIDENTE DE NODO OPTICO JP6353A","9/03/2017 10:33","9/03/2017 12:59","TH","PEINGCTR",0.36,"NO"
5744035,"INCIDENTE DE NODO OPTICO JP6353A","9/03/2017 10:33","9/03/2017 13:43","TH","PEINGCTR",1.27,"NO"
5744251,"INCIDENTE DE NODO OPTICO AM6929A","9/03/2017 15:16","9/03/2017 15:33","TH","PEINGVN",0.36,"NO"
5745599,"Alarma en nodo TO5945B","11/03/2017 08:49","11/03/2017 09:24","TH","PEINGCTR",4.01,"YES"
5745599,"Alarma en nodo TO5945B","11/03/2017 08:49","11/03/2017 09:24","TH","PEINGCTR",4.01,"YES"
5746495,"INCIDENTE DE NODO ÓPTICO MP5947A","12/03/2017 23:18","12/03/2017 23:31","TH","PEINGSMP",0.25,"NO"
5746562,"INCIDENTE DE NODO OPTICO TO4954A","13/03/2017 07:01","13/03/2017 08:08","TH","PEINGCTR",4.61,"YES"
5746676,"INCIDENTE DE NODO OPTICO JP6154B","13/03/2017 09:32","13/03/2017 10:22","TH","PEINGCTR",0.01,"YES"
5746676,"INCIDENTE DE NODO OPTICO JP6154B","13/03/2017 09:32","13/03/2017 12:04","TH","PEINGFRA",2.16,"YES"
5746769,"INCIDENTE DE NODO OPTICO MP6437A","13/03/2017 11:02","13/03/2017 12:55","TH","PEINGCTR",0.01,"NO"
5747183,"INCIDENTE DE NODO ÓPTICO CN4147B","13/03/2017 17:49","13/03/2017 18:14","TH","PEINGCTR",1.84,"NO"
5747961,"INCIDENTE DE NODO OPTICO TO4850A","14/03/2017 16:15","14/03/2017 16:45","TH","PEINGCTR",0.71,"NO"
5748113,"INCIDENTE DE NODOS ÓPTICOS","14/03/2017 18:37","14/03/2017 18:53","TH","PEINGCTR",3.18,"YES"
5748134,"INCIDENTE DE NODO ÓPTICO TO5753A","14/03/2017 19:29","14/03/2017 19:34","TH","PEINGCTR",0.52,"NO"
5748169,"INCIDENTE DE NODO OPTICO MP6536A","14/03/2017 22:55","14/03/2017 23:29","TH","PEINGSMP",3.11,"YES"
5751040,"INCIDENTE DE NODO ÓPTICO CN3959A","16/03/2017 16:35","16/03/2017 17:21","TH","PEINGCTR",0.26,"NO"
5751040,"INCIDENTE DE NODO ÓPTICO CN3959A","16/03/2017 16:35","16/03/2017 17:37","TH","PEINGCTR",0.26,"NO"
5751274,"INCIDENTE DE NODO ÓPTICO JP8256A","16/03/2017 19:35","16/03/2017 20:08","TH","PEINGFRA",1.26,"NO"
5752762,"INCIDENTE EN NODOS ÓPTICOS RD","17/03/2017 21:31","17/03/2017 21:57","TH","PEINGCTR",3.26,"YES"
5755460,"INCIDENTE DE NODO OPTICO MP5847A","21/03/2017 14:41","21/03/2017 15:04","TH","PEINGVN",2.04,"NO"
5756212,"INCIDENTE DE NODO OPTICO MP6437A","22/03/2017 09:31","22/03/2017 09:44","TH","PEINGVN",0.01,"NO"
5756212,"INCIDENTE DE NODO OPTICO MP6437A","22/03/2017 09:31","22/03/2017 09:45","TH","PEINGSMP",0.22,"NO"
5756772,"INCIDENTE DE NODO OPTICO AB4645B","22/03/2017 15:15","22/03/2017 15:47","TH","PEINGCTR",0.77,"NO"
5757909,"INCIDENTE DE NODO OPTICO RD4533A","23/03/2017 12:08","23/03/2017 12:33","TH","PEINGCTR",1.77,"NO"
5757909,"INCIDENTE DE NODO OPTICO RD4533A","23/03/2017 12:08","23/03/2017 14:53","TH","PEINGCTR",0.09,"NO"
5758452,"INCIDENTE DE NODO OPTICO AB4943A","23/03/2017 18:58","23/03/2017 19:24","TH","PEINGCTR",0.36,"NO"
5759414,"INCIDENTE DE NODO ÓPTICO AM7432A","24/03/2017 23:27","24/03/2017 23:50","TH","PEINGCTR",8.08,"YES"
5759624,"INCIDENTE DE NODO OPTICO MP6739A","25/03/2017 10:13","25/03/2017 10:48","TH","PEINGCTR",1.74,"NO"
5759880,"INCIDENTE EN NODO OPTICO TO5147A","25/03/2017 19:32","25/03/2017 19:58","TH","PEINGCTR",0.36,"NO"
5761397,"INCIDENTE EN NODO ARUBA ADQUISICIÓN","27/03/2017 14:47","27/03/2017 15:25","TH","PEINGCTR",8.17,"NO"
5763365,"INCIDENTE DE NODO OPTICO CN4148A Y CN4841B","29/03/2017 19:41","29/03/2017 20:01","TH","PEINGCTR",3.25,"YES"
5763375,"INCIDENTE DE NODO OPTICO CN4346B","29/03/2017 20:33","29/03/2017 20:57","TH","PEINGCTR",3,"YES"
5764435,"INCIDENTE DE NODO ÓPTICO MP6136A","31/03/2017 03:44","31/03/2017 04:01","TH","PEINGSMP",3.04,"YES"
5765254,"INCIDENTE DE NODO ÓPTICO CN3561A","1/04/2017 02:39","1/04/2017 02:49","TH","PEINGCTR",3.09,"NO"
5765362,"INCIDENTE DE NODO OPTICO JP5754B","1/04/2017 08:50","1/04/2017 08:57","TH","PEINGCTR",0.91,"NO"
5765638,"INCIDENTE DE FIBRA Y RD4835A","1/04/2017 15:51","1/04/2017 16:05","TH","PEINGCTR",5.26,"YES"
5765863,"Nodos MP Alarmados","2/04/2017 09:41","2/04/2017 10:08","TH","PEINGSMP",3.81,"YES"
5766520,"SIN SEÑAL DE CATV Y BBI, NODO VN5836A","3/04/2017 09:45","3/04/2017 11:34","TH","PEINGVN",2.84,"YES"
5766544,"INCIDENTE DE NODO OPTICO RD4341B","3/04/2017 10:15","3/04/2017 10:38","TH","PEINGCTR",1.79,"NO"
5767318,"INCIDENTE DE NODO ÓPTICO TO5155A","3/04/2017 22:10","3/04/2017 22:20","TH","PEINGCTR",1.23,"NO"
5768462,"INCIDENTE DE NODO ÓPTICO AB5241A","4/04/2017 18:28","4/04/2017 18:49","TH","PEINGCTR",1.91,"NO"
5768843,"INCIDENTE EN NODO OPTICO JP6353A","5/04/2017 09:22","5/04/2017 09:37","TH","PEINGCTR",0.07,"YES"
5768843,"INCIDENTE EN NODO OPTICO JP6353A","5/04/2017 09:22","5/04/2017 09:42","TH","PEINGFRA",0.64,"YES"
5768843,"INCIDENTE EN NODO OPTICO JP6353A","5/04/2017 09:22","5/04/2017 12:35","TH","PEINGFRA",1.26,"YES"
5769857,"INCIDENTE DE NODO OPTICO RD4237B","6/04/2017 03:08","6/04/2017 03:30","TH","PEINGCTR",0.75,"NO"
5771599,"INCIDENTE DE NODO OPTICO AB5844A","7/04/2017 17:15","7/04/2017 17:41","TH","PEINGCTR",0.66,"NO"
5772329,"INCIDENTE DE NODO OPTICO JP5861A","8/04/2017 13:29","8/04/2017 15:40","TH","PEINGFRA",2.01,"NO"
5794098,"INCIDENTE DE NODO OPTICO TO5155A","12/04/2017 08:24","12/04/2017 08:39","TH","PEINGCTR",0.03,"NO"
5794098,"INCIDENTE DE NODO OPTICO TO5155A","12/04/2017 08:24","12/04/2017 08:42","TH","PEINGCTR",1.19,"NO"
5794801,"Nodo MP6632A Alarmado en Plataforma","12/04/2017 10:53","12/04/2017 14:06","TH","PEINGSMP",0.72,"NO"
5830533,"INCIDENTE DE NODO OPTICO CN3859A","17/04/2017 18:01","17/04/2017 18:31","TH","PEINGCTR",0.83,"NO"
5830533,"INCIDENTE DE NODO OPTICO CN3859A","17/04/2017 18:01","17/04/2017 20:00","TH","PEINGCTR",0.85,"NO"
5837727,"INCIDENTE DE NODO OPTICO CN4053A","18/04/2017 18:41","18/04/2017 19:09","TH","PEINGCTR",4.34,"NO"
5841039,"INCIDENTE DE NODO OPTICO CN3958A","19/04/2017 07:30","19/04/2017 09:43","TH","PEINGCTR",0.04,"YES"
5841039,"INCIDENTE DE NODO OPTICO CN3958A","19/04/2017 07:30","19/04/2017 10:11","TH","PEINGCTR",0.19,"YES"
5841039,"INCIDENTE DE NODO OPTICO CN3958A","19/04/2017 07:30","19/04/2017 10:11","TH","PEINGCTR",0.19,"YES"
5841039,"INCIDENTE DE NODO OPTICO CN3958A","19/04/2017 07:30","19/04/2017 10:26","TH","PEINGCTR",0.65,"YES"
5843861,"INCIDENTE DE NODO OPTICO AM7333A","19/04/2017 15:14","19/04/2017 15:42","TH","PEINGSMP",1.19,"NO"
5850658,"INCIDENTE DE NODO ÓPTICO RD4137A","20/04/2017 06:22","20/04/2017 06:55","TH","PEINGCTR",2.32,"YES"
5850658,"INCIDENTE DE NODO ÓPTICO RD4137A","20/04/2017 06:22","20/04/2017 09:16","TH","PEINGCTR",0.2,"YES"
5851366,"INCIDENTE DE NODO OPTICO RD4436A","20/04/2017 08:13","20/04/2017 12:06","TH","PEINGCTR",1.82,"YES"
5851366,"INCIDENTE DE NODO OPTICO RD4436A","20/04/2017 08:13","20/04/2017 14:18","TH","PEINGCTR",1.94,"YES"
5852302,"INCIDENTE DE NODO OPTICO MP6843B","20/04/2017 10:29","20/04/2017 10:47","TH","PEINGSMP",0.64,"NO"
5854780,"INCIDENTE DE NODO OPTICO MP5537A","20/04/2017 15:50","20/04/2017 16:12","TH","PEINGCTR",1.71,"NO"
5854780,"INCIDENTE DE NODO OPTICO MP5537A","20/04/2017 15:50","20/04/2017 19:12","TH","PEINGCTR",1.12,"NO"
5860429,"NODO DOWN EN PLATAFORMA RD4237B","21/04/2017 09:59","21/04/2017 10:14","TH","PEINGCTR",0.89,"NO"
5906741,"INCIDENTE DE NODO OPTICO RD4341B","25/04/2017 14:38","25/04/2017 15:19","TH","PEINGCTR",1.05,"NO"
5908143,"INCIDENTE DE NODO OPTICO TO5750A","25/04/2017 17:33","25/04/2017 17:59","TH","PEINGCTR",0.89,"NO"
5906741,"INCIDENTE DE NODO OPTICO RD4341B","25/04/2017 14:38","25/04/2017 15:19","TH","PEINGCTR",1.05,"NO"
5908143,"INCIDENTE DE NODO OPTICO TO5750A","25/04/2017 17:33","25/04/2017 17:59","TH","PEINGCTR",0.89,"NO"
5929830,"INCIDENTE EN NODO OPTICO RD4939A","27/04/2017 16:43","27/04/2017 17:21","TH","PEINGCTR",1.02,"NO"
5930849,"INCIDENTE DE NODO OPTICO AM7433A","27/04/2017 19:12","27/04/2017 19:36","TH","PEINGCTR",1.96,"YES"
5953768,"SIN SEÑAL DE CATV Y BBI NODO CN4149C","1/05/2017 09:29","1/05/2017 11:23","TH","PEINGCTR",1.73,"YES"
5953768,"SIN SEÑAL DE CATV Y BBI NODO CN4149C","1/05/2017 09:29","1/05/2017 11:23","TH","PEINGCTR",1.73,"YES"
5954735,"INCIDENTE DE NODO OPTICO .RD4543B","2/05/2017 10:58","2/05/2017 11:15","TH","PEINGCTR",1.52,"YES"
5954791,"INCIDENTE DE NODO OPTICO JP5764A","2/05/2017 11:52","2/05/2017 12:15","TH","PEINGFRA",1.23,"NO"
5954852,"INCIDENTE DE NODO OPTICO CN3859A","2/05/2017 13:22","2/05/2017 13:41","TH","PEINGCTR",1.85,"NO"
5956862,"SIN SEÑAL DE CATV Y BBI NODO AM7132A","4/05/2017 12:44","4/05/2017 15:02","TH","PEINGVN",4.02,"YES"
5956862,"SIN SEÑAL DE CATV Y BBI NODO AM7132A","4/05/2017 12:44","4/05/2017 21:23","TH","PEINGVN",1.25,"YES"
5958968,"INCIDENTE DE NODO OPTICO TO5451A","5/05/2017 09:59","5/05/2017 10:11","TH","PEINGCTR",0.33,"NO"
5959899,"INCIDENTE DE NODO OPTICO MP6148A","6/05/2017 11:18","6/05/2017 12:11","TH","PEINGSMP",1.18,"NO"
5959899,"INCIDENTE DE NODO OPTICO MP6148A","6/05/2017 11:18","5/06/2017 12:11","TH","PEINGSMP",1.18,"NO"
5961736,"INCIDENTE EN FUENTE DE PODER ALPHA MP6339A","8/05/2017 14:44","5/08/2017 15:07","TH","PEINGCTR",2.53,"NO"
5962837,"NODO DOWN EN PLATAFORMA CN4153A","9/05/2017 13:20","5/09/2017 13:52","BUC","PEINGCTR",1.05,"NO"
5962837,"NODO DOWN EN PLATAFORMA CN4153A","9/05/2017 13:20","5/09/2017 15:52","BUC","PEINGCTR",1.03,"NO"
5969277,"INCIDENTE DE NODO ÓPTICO RD4939A","10/05/2017 18:15","5/10/2017 18:32","TH","PEINGCTR",1.81,"NO"
5969712,"INCIDENTE DE NODO OPTICO  RD4341B","11/05/2017 08:14","11/05/2017 08:27","TH","PEINGCTR",0.07,"NO"
5970254,"NODO DOWN EN PLATAFORMA AM7333A","11/05/2017 13:50","11/05/2017 14:00","BUC","PEINGCTR",0.72,"NO"
5972499,"INCIDENTE DE NODO ÓPTICO TO4850A","12/05/2017 15:17","12/05/2017 15:44","TH","PEINGCTR",0.66,"NO"
5973120,"INCIDENTE DE NODO OPTICO MP5846A","13/05/2017 09:09","13/05/2017 09:33","TH","PEINGSMP",1.74,"NO"
5975899,"INCIDENTE DE NODO OPTICO RD4735B","16/05/2017 10:47","16/05/2017 10:59","TH","PEINGCTR",0.87,"YES"
5975899,"INCIDENTE DE NODO OPTICO RD4735B","16/05/2017 10:47","16/05/2017 13:24","TH","PEINGCTR",0.06,"YES"
5976635,"INCIDENTE DE NODO ÓPTICO RD4642A","17/05/2017 00:10","17/05/2017 00:20","TH","PEINGCTR",3.12,"NO"
5979930,"INCIDENTE EN NODO OPTICO TO4849A","19/05/2017 13:07","19/05/2017 13:24","TH","PEINGCTR",4.32,"YES"
5979987,"INCIDENTE EN NODO OPTICO AB6143A","19/05/2017 14:03","19/05/2017 14:23","TH","PEINGCTR",0.76,"NO"
5980143,"INCIDENTE DE NODO OPTICO AB5343A","19/05/2017 16:43","19/05/2017 17:03","TH","PEINGCTR",0.03,"NO"
5980278,"INCIDENTE DE NODO OPTICO TO5049A","19/05/2017 20:44","19/05/2017 20:54","TH","PEINGCTR",0.29,"NO"
5980318,"INCIDENTE DE NODO ÓPTICO MP7244B","20/05/2017 03:53","20/05/2017 04:26","TH","PEINGVN",1.01,"YES"
5980896,"INCIDENTE DE NODO OPTICO AB5343A","20/05/2017 15:18","20/05/2017 15:30","TH","PEINGCTR",0,"NO"
5980143,"INCIDENTE DE NODO OPTICO AB5343A","19/05/2017 16:43","19/05/2017 17:03","TH","PEINGCTR",0.03,"NO"
5980318,"INCIDENTE DE NODO ÓPTICO MP7244B","20/05/2017 03:53","20/05/2017 04:26","TH","PEINGVN",1.01,"YES"
5980896,"INCIDENTE DE NODO OPTICO AB5343A","20/05/2017 15:18","20/05/2017 15:30","TH","PEINGCTR",0,"NO"
5981597,"INCIDENTE DE NODO OPTICO CN4048A","21/05/2017 17:17","21/05/2017 17:34","TH","PEINGCTR",0.28,"YES"
5981597,"INCIDENTE DE NODO OPTICO CN4048A","21/05/2017 17:17","21/05/2017 19:09","TH","PEINGCTR",1.91,"YES"
5988737,"INCIDENTE EN NODO OPTICO RD4035B","27/05/2017 08:37","27/05/2017 13:38","TH","PEINGCTR",5.78,"YES"
5989140,"INCIDENTE DE NODO OPTICO MP6536A","27/05/2017 16:27","27/05/2017 16:57","TH","PEINGSMP",0.64,"NO"
5991231,"INCIDENTE DE NODO OPTICO TO5745B","30/05/2017 08:30","30/05/2017 08:50","TH","PEINGCTR",0,"NO"
5991342,"INCIDENTE DE NODO OPTICO JP5753B","30/05/2017 09:53","30/05/2017 10:26","TH","PEINGCTR",0,"NO"
5991958,"INCIDENTE DE NODO OPTICO MP6037A","31/05/2017 03:04","31/05/2017 03:17","TH","PEINGVN",0.09,"YES"
5991958,"INCIDENTE DE NODO OPTICO MP6037A","31/05/2017 03:04","31/05/2017 06:09","TH","PEINGVN",0.38,"YES"
5995873,"INCIDENTE DE IRREGULARIDAD DE PORTADORAS","3/06/2017 16:15","3/06/2017 16:39","TH","PEINGCTR",0.83,"NO"
5995873,"INCIDENTE DE IRREGULARIDAD DE PORTADORAS","3/06/2017 16:15","3/06/2017 17:51","TH","PEINGCTR",1.42,"NO"
5996522,"SE OBSEVA NODO DOWN EN PLATAFORMA RD4438A","4/06/2017 14:05","4/06/2017 14:28","TH","PEINGCTR",0.43,"NO"
5998044,"INCIDENTE DE NODO OPTICO MP5735A","5/06/2017 10:33","5/06/2017 10:48","TH","PEINGCTR",0,"NO"
5998044,"INCIDENTE DE NODO OPTICO MP5735A","5/06/2017 10:33","5/06/2017 12:24","TH","PEINGCTR",0.01,"YES"
5998044,"INCIDENTE DE NODO OPTICO MP5735A","5/06/2017 10:33","5/06/2017 13:07","TH","PEINGCTR",2.31,"YES"
5998353,"INCIDENTE DE NODO OPTICO JP5955A","5/06/2017 14:00","5/06/2017 14:16","TH","PEINGCTR",1.77,"NO"
6002378,"INCIDENTE DE NODO ÓPTICO MP6133B","7/06/2017 14:59","7/06/2017 15:28","TH","PEINGSMP",0.99,"NO"
6002869,"INCIDENTE DE NODO ÓPTICO TO4554A","7/06/2017 18:39","7/06/2017 19:16","TH","PEINGCTR",0.08,"NO"
6005087,"INCIDENTE DE NODO OPTICO RD4342A","9/06/2017 06:00","9/06/2017 06:24","TH","PEINGCTR",0,"NO"
6005087,"INCIDENTE DE NODO OPTICO RD4342A","9/06/2017 06:00","9/06/2017 08:03","TH","PEINGCTR",0.95,"YES"
6005137,"INCIDENTE DE NODO OPTICO JP5861A","9/06/2017 06:59","9/06/2017 07:15","TH","PEINGFRA",1.55,"NO"
6006871,"INCIDENTE DE NODO OPTICO RD4534A","10/06/2017 12:14","10/06/2017 13:04","TH","PEINGCTR",1.91,"NO"
6007161,"INCIDENTE DE NODO OPTICO JP7551A","10/06/2017 15:55","10/06/2017 16:05","TH","PEINGCTR",0,"NO"
6007165,"INCIDENTE DE NODO OPTICO RD4342A","10/06/2017 16:00","10/06/2017 16:35","TH","PEINGCTR",0,"NO"
6007165,"INCIDENTE DE NODO OPTICO RD4342A","10/06/2017 16:00","10/06/2017 17:12","TH","PEINGCTR",0.84,"YES"
6009053,"INCIDENTE DE NODO OPTICO TO6156A","12/06/2017 17:35","12/06/2017 18:14","TH","PEINGFRA",0.94,"YES"
6009053,"INCIDENTE DE NODO OPTICO TO6156A","12/06/2017 17:35","12/06/2017 20:30","TH","PEINGFRA",4.7,"YES"
6009440,"INCIDENTE DE NODO OPTICO RD3833A","13/06/2017 07:15","13/06/2017 09:08","TH","PEINGCTR",1.59,"YES"
6010636,"INCIDENTE DE NODO ÓPTICO MP6444A","14/06/2017 02:18","14/06/2017 02:35","TH","PEINGCTR",0,"NO"
6012437,"INCIDENTE EN NODO DOWN MP6643C","14/06/2017 18:14","14/06/2017 18:35","TH","PEINGCTR",0.17,"NO"
6013480,"Nodo MP6135A Alarmado","15/06/2017 13:51","15/06/2017 14:29","TH","PEINGSMP",1.3,"NO"
6013587,"INCIDENTE DE NODO OPTICO JP6754A","15/06/2017 14:46","15/06/2017 15:08","TH","PEINGFRA",1.16,"NO"
6013970,"INCIDENTE DE NODO ÓPTICO RD4233A","16/06/2017 01:19","16/06/2017 01:51","TH","PEINGCTR",4.22,"NO"
6015077,"INCIDENTE EN NODO OPTICO MP6135A","16/06/2017 21:05","16/06/2017 21:17","TH","PEINGVN",0.65,"NO"
6015084,"INCIDENTE EN NODO OPTICO MP5948A","16/06/2017 22:16","16/06/2017 22:35","TH","PEINGVN",3.65,"YES"
6015644,"SIN SEÑAL DE BBI+CATV NODO CINGUZ7","17/06/2017 12:59","17/06/2017 20:57","TH","PEINGCTR",0.14,"YES"
6015644,"SIN SEÑAL DE BBI+CATV NODO CINGUZ7","17/06/2017 12:59","17/06/2017 21:25","TH","PEINGCTR",1.24,"YES"
6015775,"INCIDENTE DE NODO OPTICO RD4136C","17/06/2017 14:35","17/06/2017 14:56","TH","PEINGCTR",2.17,"YES"
6015775,"INCIDENTE DE NODO OPTICO RD4136C","17/06/2017 14:35","17/06/2017 17:08","TH","PEINGCTR",0.91,"YES"
6016174,"INCIDENTE EN NODO OPTICO TO5155A","18/06/2017 05:00","18/06/2017 05:14","TH","PEINGCTR",1.9,"NO"
6016309,"INCIDENTE DE NODO JP6754A DOWN","18/06/2017 08:04","18/06/2017 08:39","TH","PEINGFRA",0.77,"NO"
6016712,"INCIDENTE DE NODO OPTICO TO5253B","18/06/2017 16:11","18/06/2017 16:28","TH","PEINGCTR",1.23,"YES"
6016712,"INCIDENTE DE NODO OPTICO TO5253B","18/06/2017 16:11","18/06/2017 18:52","TH","PEINGCTR",1.2,"YES"
6017072,"INCIDENTE EN NIODO ÓPTICO TO5253B","19/06/2017 08:02","19/06/2017 08:12","TH","PEINGCTR",0.52,"NO"
6017804,"INCIDENTE EN NODOS OPTICOS CN4048B CN4049B","19/06/2017 21:15","19/06/2017 21:34","TH","PEINGCTR",0.69,"NO"
6018879,"INCIDENTE EN NODO DOWN JP6363A","20/06/2017 19:57","20/06/2017 20:06","TH","PEINGFRA",1.78,"NO"
6020280,"INCIDENTE EN NODO OPTICO DOWN TO5253B","21/06/2017 20:24","21/06/2017 20:48","TH","PEINGCTR",1.52,"NO"
6020425,"INCIDENTE DE NODO ÓPTICO MP7142A","22/06/2017 04:32","22/06/2017 04:57","TH","PEINGSMP",5.2,"NO"
6021530,"INCIDENTE EN NODO OPTICO TO5248A","22/06/2017 13:11","22/06/2017 13:28","TH","PEINGCTR",2.99,"YES"
6022062,"INCIDDENTE EN NODO OPTICO TO5148A","22/06/2017 21:13","22/06/2017 21:35","TH","PEINGCTR",0.31,"NO"
6022667,"INCIDENTE DE NODO OPTICO MP6343B","23/06/2017 11:25","23/06/2017 11:39","TH","PEINGCTR",1.64,"NO"
6022671,"SIN SEÑAL DE CATV Y BBI NODO TO5250A","23/06/2017 11:29","23/06/2017 12:11","TH","PEINGCTR",0.01,"NO"
6023167,"INCIDENTE DE NODO OPTICO MP6843A","23/06/2017 14:27","23/06/2017 15:24","TH","PEINGCTR",0.04,"NO"
6023167,"INCIDENTE DE NODO OPTICO MP6843A","23/06/2017 14:27","23/06/2017 15:27","TH","PEINGSMP",6.19,"NO"
6023179,"INCIDENTE DE NODO OPTICO MP6742A","23/06/2017 14:41","23/06/2017 15:27","TH","PEINGSMP",6.2,"NO"
6023706,"INCIDENTE DE NODO OPTICO RD4136A","24/06/2017 07:29","24/06/2017 07:41","TH","PEINGCTR",2.3,"NO"
6024529,"INCIDENTE EN NODO OPTICO JP6655A","25/06/2017 08:44","25/06/2017 09:15","TH","PEINGFRA",0.27,"NO"
6025927,"INCIDENTE EN NODO OPTICO MP5540A","26/06/2017 15:51","26/06/2017 16:18","TH","PEINGSMP",4.21,"NO"
6026457,"INCIDENTE DE NODO OPTICO MP6940A","27/06/2017 08:47","27/06/2017 09:01","TH","PEINGSMP",0.01,"NO"
6026563,"INCIDENTE DE NODO OPTICO MP7142A","27/06/2017 10:15","27/06/2017 10:37","TH","PEINGSMP",0.29,"NO"
6030040,"INCIDENTE DE NODO OPTICO TO6557A.","29/06/2017 09:55","29/06/2017 10:14","TH","PEINGCTR",5.31,"YES"
6030578,"INCIDENTE DE NODO ÓPTICO JP6662A","29/06/2017 15:32","29/06/2017 15:52","TH","PEINGFRA",3.83,"YES"
6031683,"INCIDENTE EN NODO OPTICO MP7244A","30/06/2017 20:37","30/06/2017 20:55","TH","PEINGCTR",0.62,"NO"
6034291,"INCIDENTE DE NODO OPTICO TO5449C","3/07/2017 12:18","3/07/2017 12:45","TH","PEINGCTR",3,"YES"
6034303,"INCIDENTE DE NODO OPTICO TO4653A","3/07/2017 12:29","3/07/2017 12:46","TH","PEINGCTR",4.35,"NO"
6035310,"INCIDENTE EN NODO OPTICO TO7350A","4/07/2017 12:19","4/07/2017 12:39","TH","PEINGCTR",0.16,"NO"
6035310,"INCIDENTE EN NODO OPTICO TO7350A","4/07/2017 12:19","4/07/2017 12:49","TH","PEINGFRA",0.75,"NO"
6036513,"INCIDENTE DE NODO OPTICO RD4642A","5/07/2017 12:37","5/07/2017 12:49","TH","PEINGCTR",1.15,"NO"
6037827,"INCIDENTE DE NODO OPTICO RD4642A","6/07/2017 11:32","6/07/2017 11:40","TH","PEINGCTR",0.35,"NO"
6038465,"INCIDENTE EN NODO OPTICO MP6245A","6/07/2017 19:13","6/07/2017 19:30","TH","PEINGSMP",0.26,"NO"
6039013,"INCIDENTE DE NODO OPTICO JP5953A","7/07/2017 12:21","7/07/2017 12:44","TH","PEINGCTR",1.53,"YES"
6039668,"INCIDENTE DE NODO ÓPTICO RD4035B","8/07/2017 05:47","8/07/2017 05:56","TH","PEINGCTR",1.01,"NO"
6041028,"INCIDENTE EN NODO OPTICO MP6035C","9/07/2017 11:07","9/07/2017 11:23","TH","PEINGVN",1.48,"NO"
6041460,"PORTADORAS IRREGULARES MP6940A","10/07/2017 06:49","10/07/2017 07:10","TH","PEINGVN",0.04,"NO"
6041868,"INCIDENTE EN NODO OPTICO MP6336A","10/07/2017 14:29","10/07/2017 15:24","TH","PEINGVN",2.05,"NO"
6042011,"INCIDENTE EN NODO OPTICO RD4939A","10/07/2017 16:06","10/07/2017 16:23","TH","PEINGCTR",3.04,"YES"
6042195,"INCIDENTE EN NODO OPTICO TO5551A","10/07/2017 18:51","10/07/2017 19:07","TH","PEINGFRA",0.97,"NO"
6042963,"INCIDENTE EN NODO OPTICO TO5249B","11/07/2017 13:29","11/07/2017 13:45","TH","PEINGCTR",1.4,"YES"
6043374,"INCIDENTE EN NODO OPTICO MP6148A","11/07/2017 19:00","11/07/2017 19:17","TH","PEINGSMP",1.33,"NO"
6043523,"INCIDENTE DE NODO ÓPTICO JP5551A","12/07/2017 03:59","12/07/2017 04:25","TH","PEINGCTR",0.29,"NO"
6043984,"INCIDENTE DE NODO OPTICO JP5861A","12/07/2017 10:23","12/07/2017 10:38","TH","PEINGFRA",0,"NO"
6043984,"INCIDENTE DE NODO OPTICO JP5861A","12/07/2017 10:23","12/07/2017 12:06","TH","PEINGFRA",1.01,"YES"
6044819,"INCIDENTE EN NODO OPTICO TO6156A","12/07/2017 19:36","12/07/2017 19:50","TH","PEINGFRA",3.36,"YES"
6044819,"INCIDENTE EN NODO OPTICO TO6156A","12/07/2017 19:36","12/07/2017 23:55","TH","PEINGFRA",1.05,"YES"
6045251,"INCIDENTE DE NODO OPTICO TO5449C","13/07/2017 09:09","13/07/2017 09:31","TH","PEINGCTR",5.35,"YES"
6045867,"INCIDENTE EN NODO OPTICO TO4749C","13/07/2017 17:06","13/07/2017 17:31","TH","PEINGCTR",0.28,"NO"
6046278,"INCIDENTE DE NODO ÓPTICO AM6929A","13/07/2017 23:49","14/07/2017 00:07","TH","PEINGCTR",0,"NO"
6046278,"INCIDENTE DE NODO ÓPTICO AM6929A","13/07/2017 23:49","14/07/2017 07:17","TH","PEINGCTR",0.23,"YES"
6046278,"INCIDENTE DE NODO ÓPTICO AM6929A","13/07/2017 23:49","14/07/2017 08:09","TH","PEINGCTR",1.95,"YES"
6047175,"INCIDENTE EN NODO OPTICO DOWN TO5155A","14/07/2017 16:38","14/07/2017 16:53","TH","PEINGCTR",0.98,"NO"
6047356,"INCIDENTE EN NODO OPTICO MP6148A","14/07/2017 21:14","14/07/2017 21:33","TH","PEINGSMP",0.01,"NO"
6047889,"INCIDENTE DE NODO OPTICO TO6156A","15/07/2017 11:16","15/07/2017 11:51","TH","PEINGFRA",2.56,"YES"
6047920,"INCIDENTE DE NODO OPTICO TO4749C","15/07/2017 11:49","15/07/2017 12:15","TH","PEINGCTR",0.52,"NO"
6048345,"INCIDENTE DE NODO OPTICO TO5248B","16/07/2017 07:09","16/07/2017 07:26","TH","PEINGCTR",3.3,"NO"
6048583,"INCIDENTE EN NODO OPTICO MP6147A","16/07/2017 12:32","16/07/2017 12:49","TH","PEINGVN",2.55,"NO"
6049050,"INCIDENTE DE NODO OPTICO AB5044B","16/07/2017 21:43","16/07/2017 21:57","TH","PEINGCTR",1.26,"NO"
6051387,"INCIDENTE DE NODO ÓPTICO CN4147A","19/07/2017 05:09","19/07/2017 05:27","TH","PEINGCTR",1.94,"NO"
6052273,"INCIDENTE DE NODO ÓPTICO TO5744A","19/07/2017 23:25","19/07/2017 23:44","TH","PEINGCTR",1.15,"NO"
6052593,"INCIDENTE DE NODO OPTICO TO5752A","20/07/2017 10:11","20/07/2017 10:37","TH","PEINGCTR",3.17,"YES"
6053494,"INCIDENTE DE NODO ÓPTICO TO4451A","21/07/2017 05:03","21/07/2017 05:27","TH","PEINGCTR",1.15,"YES"
6053494,"INCIDENTE DE NODO ÓPTICO TO4451A","21/07/2017 05:03","21/07/2017 09:42","TH","PEINGCTR",1.25,"YES"
6055023,"INCIDENTE DE NODO OPTICO MP6048A","22/07/2017 20:04","22/07/2017 20:22","TH","PEINGCTR",2.11,"YES"
6055023,"INCIDENTE DE NODO OPTICO MP6048A","22/07/2017 20:04","23/07/2017 07:44","TH","PEINGCTR",0.45,"YES"
6055253,"INCIDENTE EN FIBRA NODO AB6043B","23/07/2017 10:47","23/07/2017 11:09","TH","PEINGSMP",1.11,"YES"
6055253,"INCIDENTE EN FIBRA NODO AB6043B","23/07/2017 10:47","23/07/2017 18:52","TH","PEINGSMP",2.4,"YES"
6055698,"INCIDENTE DE NODO OPTICO RD4440A","24/07/2017 05:51","24/07/2017 07:07","TH","PEINGCTR",0.79,"YES"
6055698,"INCIDENTE DE NODO OPTICO RD4440A","24/07/2017 05:51","24/07/2017 11:59","TH","PEINGCTR",1.27,"YES"
6057261,"INCIDENTE DE NODO OPTICO TO6156A","25/07/2017 10:33","25/07/2017 10:45","TH","PEINGFRA",1.66,"YES"
6057435,"INCIDENTE DE NODO OPTICO TO4653A","25/07/2017 12:24","25/07/2017 12:36","TH","PEINGCTR",0.07,"YES"
6057435,"INCIDENTE DE NODO OPTICO TO4653A","25/07/2017 12:24","25/07/2017 13:42","TH","PEINGCTR",1.91,"YES"
6057863,"INCIDENTE DE NODO ÓPTICO RD4742B","25/07/2017 23:27","25/07/2017 23:41","TH","PEINGCTR",1.77,"NO"
6058389,"INCIDENTE DE NODO OPTICO RD3541A","26/07/2017 09:43","26/07/2017 09:58","TH","PEINGCTR",0.12,"NO"
6059130,"INCIDENTE EN NODO OPTICO RD4642A","26/07/2017 16:57","26/07/2017 17:17","TH","PEINGCTR",1.38,"NO"
6060169,"INCIDENTE DE NODO OPTICO RD4642A","27/07/2017 11:49","27/07/2017 12:10","TH","PEINGCTR",0,"NO"
6060169,"INCIDENTE DE NODO OPTICO RD4642A","27/07/2017 11:49","27/07/2017 12:11","TH","PEINGCTR",0.84,"NO"
6060169,"INCIDENTE DE NODO OPTICO RD4642A","27/07/2017 11:49","27/07/2017 18:34","TH","PEINGCTR",3.7,"NO"
6060798,"INCIDENTE EN NODO OPTICO JP5651C","27/07/2017 19:26","27/07/2017 19:38","TH","PEINGCTR",1.52,"YES"
6060798,"INCIDENTE EN NODO OPTICO JP5651C","27/07/2017 19:26","27/07/2017 21:56","TH","PEINGCTR",0.77,"YES"
6061183,"INCIDENTE DE NODO OPTICO TO4954B","28/07/2017 08:15","28/07/2017 08:42","TH","PEINGCTR",1,"YES"
6061183,"INCIDENTE DE NODO OPTICO TO4954B","28/07/2017 08:15","28/07/2017 11:53","TH","PEINGCTR",2.7,"YES"
6061344,"INCIDENTE DE NODO OPTICO RD4137C","28/07/2017 10:47","28/07/2017 11:09","TH","PEINGCTR",0.08,"YES"
6061344,"INCIDENTE DE NODO OPTICO RD4137C","28/07/2017 10:47","28/07/2017 11:14","TH","PESOLSCH",0.09,"YES"
6061344,"INCIDENTE DE NODO OPTICO RD4137C","28/07/2017 10:47","28/07/2017 11:19","TH","PEINGCTR",0,"NO"
6061344,"INCIDENTE DE NODO OPTICO RD4137C","28/07/2017 10:47","28/07/2017 13:09","TH","PEINGCTR",1.86,"YES"
6066930,"INCIDENTE EN NODO OPTICO TO6254A","1/08/2017 15:58","1/08/2017 16:32","TH","PEINGFRA",2.23,"NO"
6067254,"INCIDENTE DE NODO ÓPTICO RD4435A","1/08/2017 23:14","1/08/2017 23:27","TH","PEINGCTR",0.14,"YES"
6067254,"INCIDENTE DE NODO ÓPTICO RD4435A","1/08/2017 23:14","2/08/2017 00:57","TH","PEINGCTR",0.08,"YES"
6067271,"INCIDENTE DE NODO ÓPTICO RD3944A","2/08/2017 01:04","2/08/2017 01:23","TH","PEINGCTR",0.01,"NO"
6067271,"INCIDENTE DE NODO ÓPTICO RD3944A","2/08/2017 01:04","2/08/2017 08:08","TH","PEINGCTR",0.06,"NO"
6067271,"INCIDENTE DE NODO ÓPTICO RD3944A","2/08/2017 01:04","2/08/2017 09:30","TH","PEINGCTR",1.47,"YES"
6067706,"INCIDENTE DE NODO OPTICO MP6148A","2/08/2017 10:33","2/08/2017 10:44","TH","PEINGSMP",1,"NO"
6068068,"INCIDENTE DE NODO OPTICO JP5753B","2/08/2017 13:44","2/08/2017 14:13","TH","PEINGCTR",0.26,"NO"
6068308,"INCIDENTE EN NODO OPTICO RD4434A","2/08/2017 15:58","2/08/2017 16:36","TH","PEINGCTR",2.52,"YES"
6068968,"INCIDENTE DE NODO OPTICO RD4040B","3/08/2017 06:53","3/08/2017 07:16","TH","PEINGCTR",1.12,"YES"
6069111,"INCIDENTE DE NODO OPTICO MP6543C","3/08/2017 09:12","3/08/2017 09:32","TH","PEINGSMP",2.04,"NO"
6069756,"ATENUACION EN RD3539B","3/08/2017 16:39","3/08/2017 17:07","TH","PEINGCTR",3.81,"NO"
6070018,"INCIDENTE DE NODO ÓPTICO MP6634A","4/08/2017 04:39","4/08/2017 05:05","TH","PEINGSMP",4.81,"YES"
6070526,"INCIDENTE EN NODO OPTICO MP6148A","4/08/2017 15:21","4/08/2017 15:49","TH","PEINGSMP",0.12,"NO"
6070954,"INCIDENTE DE NODO ÓPTICO RD4735B","5/08/2017 01:44","5/08/2017 02:10","TH","PEINGCTR",2.05,"NO"
6071500,"INCIDENTE DE NODO OPTICO JP5859A","5/08/2017 10:12","5/08/2017 10:29","TH","PEINGFRA",1.23,"NO"
6071703,"INCIDENTE DE NODO OPTICO TO4947A","5/08/2017 14:23","5/08/2017 14:46","TH","PEINGCTR",1.27,"NO"
6073875,"INCIDENTE EN NODO OPTICO JP6655A","7/08/2017 18:19","7/08/2017 18:44","TH","PEINGFRA",1.08,"NO"
6073875,"INCIDENTE EN NODO OPTICO JP6655A","7/08/2017 18:19","7/08/2017 21:22","TH","PEINGFRA",0.1,"NO"
6073878,"INCIDENTE EN NODO OPTICO TO5346A","7/08/2017 18:26","7/08/2017 18:46","TH","PEINGCTR",0.8,"NO"
6074429,"INCIDENTE DE NODO OPTICO SB8743A","8/08/2017 09:52","8/08/2017 10:05","TH","PEINGVN",0.15,"NO"
6074429,"INCIDENTE DE NODO OPTICO SB8743A","8/08/2017 09:52","8/08/2017 10:14","TH","PEINGSMP",1.69,"NO"
6076184,"INCIDENTE DE NODO ÓPTICO JP5651C","9/08/2017 00:54","9/08/2017 02:33","TH","PEINGCTR",2.04,"YES"
6077493,"INCIDENTE EN NODO OPTICO TO4549A","9/08/2017 16:58","9/08/2017 17:44","TH","PEINGCTR",0.13,"NO"
6079258,"INCIDENTE DE NODO OPTICO RD4543B","10/08/2017 20:46","10/08/2017 21:32","TH","PEINGCTR",0.59,"NO"
6079276,"INCIDENTE DE NODO OPTICO MP6242B","10/08/2017 21:12","10/08/2017 21:33","TH","PEINGSMP",1.56,"NO"
6079283,"INCIDENTE DE NODO OPTICO JP6155A","10/08/2017 21:33","10/08/2017 21:52","TH","PEINGFRA",0.97,"NO"
6079596,"INCIDENTE DE NODO OPTICO TO5347A","11/08/2017 08:21","11/08/2017 08:36","TH","PEINGCTR",1.07,"NO"
6080020,"INCIDENTE EN NODO OPTICO DOWN MP6343B","11/08/2017 16:12","11/08/2017 16:45","TH","PEINGSMP",0.78,"NO"
6080055,"INCIDENTE EN NODO OPTICO TO5448A","11/08/2017 16:31","11/08/2017 16:40","TH","PEINGCTR",0,"NO"
6080055,"INCIDENTE EN NODO OPTICO TO5448A","11/08/2017 16:31","11/08/2017 16:40","TH","PEINGCTR",0.37,"NO"
6081220,"INCIDENTE EN NODO OPTICO RD4040B","13/08/2017 02:41","13/08/2017 03:03","TH","PEINGCTR",0,"NO"
6081220,"INCIDENTE EN NODO OPTICO RD4040B","13/08/2017 02:41","13/08/2017 03:25","TH","PEINGCTR",2.45,"YES"
6081441,"INCIDENTE EN NODO OPTICO AB4645A","13/08/2017 10:15","13/08/2017 10:34","TH","PEINGCTR",0.97,"YES"
6081479,"Enlace alarmado Hub El Toro-Hub Zona 2","13/08/2017 11:02","13/08/2017 12:18","TH","PEINGCTR",2.09,"YES"
6081598,"INCIDENTE DE NODO OPTICO  TO6557A","13/08/2017 15:27","13/08/2017 15:58","TH","PEINGFRA",1.31,"NO"
6082537,"INCIDENTE EN NODO OPTICO MP6835B","14/08/2017 14:24","14/08/2017 14:50","TH","PEINGCTR",1.67,"NO"
6082559,"INCIDNETE EN NODO OPTICO TO7657A","14/08/2017 14:47","14/08/2017 15:12","TH","PEINGFRA",1.72,"YES"
6082559,"INCIDNETE EN NODO OPTICO TO7657A","14/08/2017 14:47","14/08/2017 17:02","TH","PEINGFRA",2.21,"YES"
6085243,"INCIDENTE DE NODO OPTICO MP6235A","17/08/2017 10:30","17/08/2017 10:43","TH","PEINGSMP",1.51,"NO"
6085891,"INCIDENTE DE NODO OPTICO RD4742B Y RD4741A","17/08/2017 16:02","17/08/2017 16:39","TH","PEINGCTR",3.92,"NO"
6086028,"INCIDENTE EN NODO OPTICO TO5748A","17/08/2017 16:47","17/08/2017 16:58","TH","PEINGCTR",2.78,"NO"
6086159,"INCIDENTE EN NODO OPTICO TO4742A","17/08/2017 18:03","17/08/2017 18:21","TH","PEINGCTR",2.55,"YES"
6086288,"INCIDENTE DE NODO ÓPTICO RD5136B","18/08/2017 00:06","18/08/2017 00:21","TH","PEINGCTR",1.03,"NO"
6089386,"INCIDENTE DE NODO OPTICO RD4642B","21/08/2017 12:06","21/08/2017 12:23","TH","PEINGCTR",0.41,"NO"
6089954,"INCIDENTE DE NODO OPTICO MP6437A","21/08/2017 16:39","21/08/2017 17:06","TH","PEINGVN",0.52,"NO"
6090085,"INCIDENTE DE NODO OPTICO RD3939A","21/08/2017 18:09","21/08/2017 18:34","TH","PEINGCTR",1.48,"NO"
6090617,"INCIDENTE DE NODO OPTICO TO5651A","22/08/2017 10:53","22/08/2017 11:06","TH","PEINGCTR",2.01,"NO"
6091089,"INCIDENTE DE NODO OPTICO TO5551A","22/08/2017 17:19","22/08/2017 17:40","TH","PEINGCTR",2.57,"NO"
6091238,"INCIDENTE DE NODO OPTICO CN4053A","22/08/2017 21:34","22/08/2017 22:04","TH","PEINGCTR",1.45,"NO"
6091820,"INCIDENTE DE NODO OPTICO JP5565A","23/08/2017 13:26","23/08/2017 13:42","TH","PEINGFRA",3.91,"YES"
6091938,"NODO RD4233A SIN PORTADORAS","23/08/2017 14:50","23/08/2017 15:00","TH","PEINGCTR",1.95,"YES"
6091971,"SE OBSERVA NODO DOWN  MP7142A","23/08/2017 15:14","23/08/2017 15:26","TH","PEINGCTR",0.25,"NO"
6092060,"INCIDENTE EN NODO OPTICO MP6437A","23/08/2017 16:25","23/08/2017 16:44","TH","PEINGSMP",1.63,"NO"
6093869,"INCIDENTE DE NODO OPTICO TO5749A","25/08/2017 06:22","25/08/2017 06:31","TH","PEINGCTR",2.3,"YES"
6093869,"INCIDENTE DE NODO OPTICO TO5749A","25/08/2017 06:22","25/08/2017 11:28","TH","PEINGCTR",3.13,"YES"
